Month,Pay Periods
1/31/2025,2
2/28/2025,2
3/31/2025,2
4/30/2025,2
5/31/2025,3
6/30/2025,2
7/31/2025,2
8/31/2025,2
9/30/2025,2
10/31/2025,3
11/30/2025,2
12/31/2025,2
1/31/2026,2
2/28/2026,2
3/31/2026,2
4/30/2026,2
5/31/2026,3
6/30/2026,2
7/31/2026,2
8/31/2026,2
9/30/2026,2
10/31/2026,3
11/30/2026,2
12/31/2026,2
1/31/2027,2
2/28/2027,2
3/31/2027,2
4/30/2027,3
5/31/2027,2
6/30/2027,2
7/31/2027,2
8/31/2027,2
9/30/2027,2
10/31/2027,3
11/30/2027,2
12/31/2027,2
1/31/2028,2
2/29/2028,2
3/31/2028,3
4/30/2028,2
5/31/2028,2
6/30/2028,2
7/31/2028,2
8/31/2028,2
9/30/2028,3
10/31/2028,2
11/30/2028,2
12/31/2028,2
1/31/2029,2
2/28/2029,2
3/31/2029,3
4/30/2029,2
5/31/2029,2
6/30/2029,2
7/31/2029,2
8/31/2029,3
9/30/2029,2
10/31/2029,2
11/30/2029,2
12/31/2029,2
